n_sq_vo,NOM_ENTIER,TYPE,NOM,WKT,id_propre,date_nom,date_fin
0,Impasse Saint Claude,IMPASSE,SAINT CLAUDE,"LINESTRING (2.34373078736353 48.8664368913173,2.34375232469464 48.8664404870431,2.34381391506048 48.8664644069217)",TR2140,1802,2020
0,Impasse Saint Pierre,IMPASSE,SAINT PIERRE,"LINESTRING (2.34366952697704 48.8680412015817,2.34358214937475 48.8680364409095,2.34351344688028 48.8680327581481,2.34341639096862 48.8680273684543,2.3434159821557 48.8680283576816,2.34334796126358 48.8680247647065,2.34331974417832 48.8680232376383,2.34330652172523 48.8680228787221,2.34302189762593 48.868010035807)",TR2312,1640,2020
0,Impasse de la Brasserie,IMPASSE,BRASSERIE,"LINESTRING (2.33504011232187 48.863980272158,2.33508179431604 48.8639980114431,2.33524467329134 48.8640675272352,2.33541055135249 48.8641380320249,2.33558719768244 48.8642134826679,2.33563871963134 48.8642354253553)",TR2071,1867,2020
0,Petite-Rue Saint Pierre,PETITE RUE,SAINT PIERRE,"LINESTRING (2.34378044875237 48.8677664660456,2.34369225341886 48.8677592774679,2.34356316385104 48.8677487640569,2.34343830008962 48.8677386998791,2.34336073735878 48.8677324096699,2.34323164793074 48.8677218958842,2.34317071560576 48.8677173131805,2.34265190511716 48.867677054986,2.34214986192394 48.8676370633828,2.34187696233213 48.8676154041355,2.34160079145774 48.8675934746011,2.34152445602077 48.8675874528721)",TR2270,1666,2020
0,Rue Baillif,RUE,BAILLIF,"LINESTRING (2.33943369069248 48.8646464480446,2.33953782856687 48.8646747724411,2.33969689828354 48.8647226094621,2.33986346424509 48.864756327423,2.34000508484614 48.8647595605011,2.34010799438472 48.8647533522615,2.34020694960685 48.8647244823329,2.34029023001562 48.8647001991474,2.34041221999609 48.8646646736318)",TR2026,1803,1912
0,Rue Clos Georgeot,RUE,CLOS GEORGEOT,"LINESTRING (2.33496425784439 48.8650667981402,2.33502191613977 48.865038651576,2.33514486596537 48.8649731858444,2.33528049165923 48.8649125761963,2.33528103687595 48.8649126661294,2.33538926454759 48.8648652754072,2.33552475372386 48.8647918957649,2.33555583162545 48.8647765184142)",TR1903,1620,1876
0,Rue Jeannisson,RUE,JEANNISSON,"LINESTRING (2.33602064373417 48.8640928024627,2.3358637608576 48.8640252662134,2.33580324316176 48.8639992768395,2.33571287564243 48.863960337685,2.33559838305938 48.8639110566192,2.33549084200266 48.8638652826696,2.33537634985535 48.8638160913087,2.33526880921131 48.8637702272226,2.3351510365676 48.8637196300852)",TR1910,1836,1866
0,Rue Mercier,RUE,MERCIER,"LINESTRING (2.34127937315096 48.8629089860496,2.34143543435873 48.8628900945833,2.34170721322562 48.8628671509072,2.34194639877693 48.8628425878861)",TR1813,1765,2020
0,Rue Neuve de Montmorency,RUE,NEUVE DE MONTMORENCY,"LINESTRING (2.34125452115712 48.8703488679711,2.34123652076566 48.8702763871677,2.34122097558805 48.8702205428449,2.34120952023117 48.8701671263923,2.34119383879881 48.8701112820716,2.34117802024452 48.8700454558029,2.34116765659459 48.8700048090048)",TR2457,1782,2020
0,Rue Neuve des Bons Enfants,RUE,NEUVE DES BONS ENFANTS,"LINESTRING (2.33962609310686 48.8661087537195,2.33958628711672 48.8660320466707,2.33955888648088 48.8659790801284,2.33950558507553 48.8658792620532,2.3394776393262 48.8658252163763,2.33944955733028 48.865771170696,2.33939625636703 48.8656713525701,2.33935454260275 48.8655907786081,2.33931269266282 48.8655101147069,2.33920609205877 48.8653104783031,2.33917542060837 48.8652512168238,2.33917187660043 48.8652499579234,2.33914106892238 48.8651906964382,2.33913956943579 48.8651878187939,2.33913534361543 48.8651798153468,2.33913411671388 48.8651763082036,2.33912075780334 48.8651539165719,2.33906732171382 48.8650506810519,2.33902683569744 48.864968847958,2.33898648611555 48.8648869249192,2.3389329142903 48.8647837792671,2.33893768466794 48.8647764950373,2.33893945651192 48.8647735273918,2.33912387458153 48.8647261314502,2.33943369069248 48.8646464480446)",TR2048,1640,1912
0,Rue Pierre-Lescot,RUE,PIERRE LESCOT,"LINESTRING (2.33752448054137 48.861764655777,2.33755688627109 48.8618252765138,2.33758291950272 48.8618766248526,2.33760908908487 48.8619279731841,2.33763525872103 48.8619793215096,2.33769005150381 48.8620819281888,2.3376911418752 48.8620814785396,2.33771962880949 48.8621382224698,2.33777605755632 48.8622436168418,2.33780468097955 48.8623004506767,2.33783330446667 48.8623571945771,2.33786015603185 48.8624074637133,2.3378887796438 48.8624642075999,2.33791563132444 48.8625145666506,2.3379360768243 48.8625540445528)",TR1764,1807,2020
0,Rue Soly,RUE,SOLY,"LINESTRING (2.34273698591815 48.8655013447193,2.3427777390662 48.8654796699473,2.34287887232439 48.8654274164366,2.34297945984268 48.865372644898,2.34308045636538 48.8653203912169,2.3431811797513 48.8652656194929,2.34319269398992 48.8652596866665)",TR2023,1548,1880
0,Rue d'Argout,RUE,ARGOUT,"LINESTRING (2.34246353935908 48.8653594538549,2.34252051274897 48.8653360696983,2.34256249302259 48.8653180819648,2.34258348282514 48.8653062104128,2.34262546305081 48.8652882226562,2.34272564179401 48.8652347103482,2.34275112949976 48.8652218493161,2.34280455855325 48.8651976558657,2.34286889143578 48.8651686056946,2.34296893337079 48.865115093181,2.34300818721916 48.8650973752217,2.34308722758073 48.8650551518688)",TR2025,1867,2020
0,Rue d'Orléans,RUE,ORLEANS,"LINESTRING (2.34135811772032 48.861701573331,2.34132519875406 48.8616740999284)",TR1737,1200,1888
0,Rue de l'Anglade,RUE,ANGLADE,"LINESTRING (2.3349835066815 48.8643325404637,2.33492884890358 48.8643355972798,2.33488784863304 48.8643380461568)",TR2979,1663,1866
0,Rue des Bons Enfants,RUE,BONS ENFANTS,"LINESTRING (2.33846888558632 48.8631623059096,2.33849110384296 48.863206729693,2.33851386749674 48.8632562793289,2.33854549103898 48.8633157208219,2.33856825479679 48.863365270447,2.33859987847327 48.8634247119249,2.33869556816857 48.8636149067184,2.33878825938147 48.8637891843287,2.33890930274785 48.8639794683512,2.33901153731682 48.8641717310727,2.3390805120099 48.8643012250874,2.33920155773981 48.8644915088012,2.33924068019389 48.8645639894075,2.33933282449757 48.8646236989749,2.33943369069248 48.8646464480446)",TR2101,1640,1912
0,Rue des Vieux-Augustins,RUE,VIEUX AUGUSTINS,"LINESTRING (2.34246353935908 48.8653594538549,2.34252051274897 48.8653360696983,2.34256249302259 48.8653180819648,2.34258348282514 48.8653062104128,2.34262546305081 48.8652882226562,2.34272564179401 48.8652347103482,2.34275112949976 48.8652218493161,2.34280455855325 48.8651976558657,2.34286889143578 48.8651686056946,2.34296893337079 48.865115093181,2.34300818721916 48.8650973752217,2.34308722758073 48.8650551518688)",TR2025,1300,1867
750004619,Rue Laffitte,RUE,LAFFITTE,"LINESTRING (2.33709635492445 48.8714745953434,2.33717006540571 48.8716400343107,2.33729427935883 48.8719937687523)",750602957,1830,2020
750004646,Rue Le Peletier,RUE,PELETIER,"LINESTRING (2.33804395277802 48.8716373275263,2.33826252067453 48.8721456243916)",750602898,1786,2020
750004662,Rue des Italiens,RUE,ITALIENS,"LINESTRING (2.33595479038112 48.8712784636753,2.33576029848376 48.8717531844656)",750603020,1911,2020
750004686,Passage Jouffroy,PASSAGE,JOUFFROY,"LINESTRING (2.34185933557421 48.8716856184305,2.34201157889282 48.8720747226398)",750602884,1845,2020
750004718,Rue du Helder,RUE,HELDER,"LINESTRING (2.33473474173064 48.871069937108,2.33476982238042 48.8712874991963,2.33485919314081 48.8716118582015)",750603104,1775,2020
750004790,Rue du Faubourg Montmartre,RUE,FAUBOURG MONTMARTRE,"LINESTRING (2.34306893682108 48.871488883707,2.34315320078729 48.8718895976076)",750602947,1840,2020
750004824,Rue Drouot,RUE,DROUOT,"LINESTRING (2.34004423330594 48.8719808237186,2.34022957649514 48.8723636915647)",750602782,1704,2020
750005487,Rue de Ventadour,RUE,VENTADOUR,"LINESTRING (2.33411989943145 48.8664283814823,2.3342203506365 48.8666010353381,2.33459946086122 48.8672972792465)",750604625,1673,2020
750005488,Passage Vérité,PASSAGE,VERITE,"LINESTRING (2.33821769611164 48.863232135316,2.33847350207625 48.8631626891161)",750606053,1796,2020
750005489,Galerie Véro-Dodat,GALERIE,VERO DODAT,"LINESTRING (2.34075009746365 48.8626304081342,2.34068794702648 48.862652082678,2.34068794725141 48.862652172614,2.33970661425107 48.8629915909425,2.33953567069946 48.8630491043408)",750606305,1826,2020
750005497,Rue Vide-Gousset,RUE,VIDE GOUSSET,"LINESTRING (2.34136484842848 48.8659296611871,2.34148791824209 48.866048432224,2.3412877020101 48.8662814424006)",750604855,1800,2020
750005498,Rue Villedo,RUE,VILLEDO,"LINESTRING (2.33695594714974 48.865890179525,2.3362940318361 48.8662626599554,2.33572657253368 48.8665621161289,2.33572657148865 48.8665623049855,2.33568227067548 48.8665855868562)",750604865,1655,2020
750005512,Rue d'Uzès,RUE,UZES,"LINESTRING (2.34356396361328 48.8707299459245,2.34296511786496 48.8708396944282,2.34284713387413 48.8708612649392)",750603322,1870,2020
750005513,Galerie de Valois,GALERIE,VALOIS,"LINESTRING (2.33904745766415 48.8660152400398,2.3390270096618 48.8659759426622,2.33797058473392 48.8640094266806,2.33788911423863 48.8638795815976)",750605776,1781,2020
750005514,Passage de Valois,PASSAGE,VALOIS,"LINESTRING (2.33788911423863 48.8638795815976,2.33810347586268 48.8638250105434)",750605802,1781,2020
750005529,Passage Sainte-Anne,PASSAGE,SAINTE ANNE,"LINESTRING (2.33629740266981 48.8679266694878,2.33556038059743 48.8680697767106)",750604160,1829,2020
750005601,Passage de Bretagne,PASSAGE,BRETAGNE,"LINESTRING (2.33669935663824 48.8646309257873,2.33634766367497 48.8647143249504)",750605399,1787,1877
750005601,Passage de Richelieu,PASSAGE,RICHELIEU,"LINESTRING (2.33669935663824 48.8646309257873,2.33634766367497 48.8647143249504)",750605399,1877,2020
750005606,Rue de Rohan,RUE,ROHAN,"LINESTRING (2.33527797425034 48.8627241871595,2.33557669821598 48.8632676219575)",750606262,1781,2020
750005634,Rue Molière,RUE,MOLIERE,"LINESTRING (2.33500341567763 48.8643611338936,2.33663985267362 48.8656108657426)",750605532,1867,2020
750005634,Rue de la Fontaine Molière,RUE,FONTAINE MOLIERE,"LINESTRING (2.33500341567763 48.8643611338936,2.33663985267362 48.8656108657426)",750605532,1843,1867
750005640,Rue Montesquieu,RUE,MONTESQUIEU,"LINESTRING (2.33953567069946 48.8630491043408,2.3393582336726 48.8630139030268,2.33847350207625 48.8631626891161)",750606134,1802,2020
750005648,Galerie de Montpensier,GALERIE,MONTPENSIER,"LINESTRING (2.33666712385726 48.8641340759388,2.33779342877757 48.8663105023731)",750605649,1781,2020
750005649,Passage de Montpensier,PASSAGE,MONTPENSIER,"LINESTRING (2.33646527196486 48.8641748134785,2.33666712385726 48.8641340759388)",750605650,1781,2020
750005655,Passage du Perron,PASSAGE,PERRON,"LINESTRING (2.33848742016234 48.8659356746491,2.3385699454148 48.8661047821849,2.33856356811848 48.8661326149361)",750604851,1836,2020
750005671,Rue Neuve-des-Bons-Enfants,RUE,NEUVE DES BONS ENFANTS,"LINESTRING (2.3391955900334 48.8652584964881,2.33940688352978 48.8656539025741,2.33951675683843 48.865849762152,2.33963181123158 48.8660418441502,2.33967015776609 48.8661060243113)",750605086,1640,1867
750005671,Rue Radziwill,RUE,RADZIWILL,"LINESTRING (2.3391955900334 48.8652584964881,2.33940688352978 48.8656539025741,2.33951675683843 48.865849762152,2.33963181123158 48.8660418441502,2.33967015776609 48.8661060243113)",750605086,1867,2020
750005682,Rue du Pélican,RUE,PELICAN,"LINESTRING (2.34031147228546 48.8623949036265,2.33980881707017 48.8625913210789,2.3396410362865 48.8626541852183,2.33954114498398 48.8626900872384,2.33948053402058 48.8627050074599,2.33939643805235 48.8627199464101)",750606410,1806,2020
750005689,Rue des Moulins,RUE,MOULINS,"LINESTRING (2.33485160783651 48.8664013166518,2.33524948190728 48.867143349552)",750604630,1624,2020
750005693,Galerie de Nemours,GALERIE,NEMOURS,"LINESTRING (2.33645930009968 48.863067248974,2.33657760644616 48.8632962131629,2.33643759942131 48.863326131686)",750606099,1829,2020
750005708,Rue Méhul,RUE,MEHUL,"LINESTRING (2.33459946086122 48.8672972792465,2.33464464745609 48.8673383579779,2.33474429658046 48.8675111110976,2.33477837191547 48.8675700132618)",750604360,1826,2020
750005709,Rue Ménars,RUE,MENARS,"LINESTRING (2.33883535278753 48.8694715177151,2.33872125467569 48.8694696319181,2.33810360131478 48.8694593910037,2.33801921953211 48.8694523771352)",750603658,1765,2020
750005714,Rue Marsollier,RUE,MARSOLLIER,"LINESTRING (2.33477837191547 48.8675700132618,2.33475191195337 48.8675969013726,2.33475191281211 48.8675972611149,2.33453381030871 48.8676535527119,2.33451336197165 48.8676678510029,2.33450490967276 48.8676860157195,2.33450654526414 48.8677070586675,2.33478432796792 48.8682102972067,2.33480477379923 48.8682268445413,2.33483449029294 48.8682305315206,2.335028739319 48.8681866500131,2.33502969337081 48.8681865599832,2.33510712004455 48.868189528971)",750604273,1829,2020
750005730,Rue Jocquelet,RUE,JOCQUELET,"LINESTRING (2.34342150250331 48.8685842853749,2.34325969567996 48.8685724247775,2.34253967356892 48.8685192283683,2.3424775126348 48.8685064615868,2.34226199422545 48.8684616890053)",750603977,1622,1898
750005730,Rue Léon Cladel,RUE,LEON CLADEL,"LINESTRING (2.34342150250331 48.8685842853749,2.34325969567996 48.8685724247775,2.34253967356892 48.8685192283683,2.3424775126348 48.8685064615868,2.34226199422545 48.8684616890053)",750603977,1898,2020
750005741,Rue de l'Oratoire,RUE,ORATOIRE,"LINESTRING (2.33981378341625 48.8612468150859,2.3398973362346 48.8613182237903,2.34044677469834 48.861790136476,2.34044677492287 48.8617902264121,2.34052610536115 48.8618643237959)",750606858,1664,2020
750005745,Galerie d'Orléans,GALERIE,ORLEANS,"LINESTRING (2.33683971035187 48.8641170076829,2.33687489049147 48.863995317772,2.3375831432963 48.8638368152967,2.33764112513816 48.8637357096849)",750605840,1829,2020
750005748,Rue de la Paix,RUE,PAIX,"LINESTRING (2.33178515963635 48.869825966067,2.33209697948252 48.8701393516357,2.33220602410674 48.8702492562007)",750603585,1814,2020
750005752,Rue de Montmorency,RUE,MONTMORENCY,"LINESTRING (2.34116056441538 48.8700066939049,2.34117242710043 48.8700477008145,2.34124660788251 48.8703103758748,2.3412594252027 48.8703547092841)",750603442,1782,1867
750005752,Rue des Panoramas,RUE,PANORAMAS,"LINESTRING (2.34116056441538 48.8700066939049,2.34117242710043 48.8700477008145,2.34124660788251 48.8703103758748,2.3412594252027 48.8703547092841)",750603442,1867,2020
750005760,Passage Hulot,PASSAGE,HULOT,"LINESTRING (2.33715625032891 48.8655211518183,2.33685482186932 48.8655862251478,2.33681120415498 48.8655834733886)",750605005,1787,2020
750005767,Galerie du Jardin,GALERIE,JARDIN,"LINESTRING (2.33683971035187 48.8641170076829,2.33788911423863 48.8638795815976)",750605777,1781,2020
750005781,Rue Lulli,RUE,LULLI,"LINESTRING (2.33709648493339 48.8678535655174,2.33711011620576 48.8678962806857,2.33727628413263 48.8682173212229,2.3372983665815 48.8682601263167)",750604187,1797,2020
750005784,Rue du Mail,RUE,MAIL,"LINESTRING (2.3412877020101 48.8662814424006,2.3413024256905 48.8663079704533,2.34134599191701 48.8663271504071,2.34141883665609 48.8663439633997,2.34149713592634 48.8663836092315,2.3438507185212 48.8672973062886,2.34396692892011 48.867337739258)",750604701,1633,2020
750005791,Rue de Marengo,RUE,MARENGO,"LINESTRING (2.3391234603096 48.8614779470813,2.33946586717133 48.8621353174804)",750606769,1854,2020
750005804,Cour des Fermes,COUR,FERMES,"LINESTRING (2.3421396138637 48.8634719791646,2.34105863121948 48.8637236446419)",750605933,1891,2020
750005806,Galerie Feydeau,GALERIE,FEYDEAU,"LINESTRING (2.3412594252027 48.8703547092841,2.34128069565089 48.8703982339374,2.34142210388803 48.8709119834533,2.34142551352114 48.8709234130464)",750603319,1834,2020
750005832,Rue Hérold,RUE,HEROLD,"LINESTRING (2.34084320204572 48.864558180195,2.34089431776754 48.8645834473342,2.34121123891708 48.8647381107012,2.34140370860872 48.8648368515175,2.34161417264053 48.8649327861166,2.34193532271639 48.8650913127605,2.34242441484688 48.8653558642125,2.34254619862896 48.8654219453256)",750605435,1881,2020
750005832,Rue d'Argout,RUE,ARGOUT,"LINESTRING (2.34084320204572 48.864558180195,2.34089431776754 48.8645834473342,2.34121123891708 48.8647381107012,2.34140370860872 48.8648368515175,2.34161417264053 48.8649327861166,2.34193532271639 48.8650913127605,2.34242441484688 48.8653558642125,2.34254619862896 48.8654219453256)",750605435,1867,1881
750005832,Rue des Vieux-Augustins,RUE,VIEUX AUGUSTINS,"LINESTRING (2.34084320204572 48.864558180195,2.34089431776754 48.8645834473342,2.34121123891708 48.8647381107012,2.34140370860872 48.8648368515175,2.34161417264053 48.8649327861166,2.34193532271639 48.8650913127605,2.34242441484688 48.8653558642125,2.34254619862896 48.8654219453256)",750605435,1300,1867
750005837,Passage Colbert,PASSAGE,COLBERT,"LINESTRING (2.33928484603232 48.8661970771287,2.33924211474138 48.8662364843341,2.33928695018956 48.8663202953506,2.3391158303852 48.8663615765964)",750604743,1828,2020
750005838,Rue Colbert,RUE,COLBERT,"LINESTRING (2.33952885614804 48.8679081117203,2.33946151940702 48.8679229516123,2.3382517464401 48.8681914104694,2.33819217680234 48.8682046315039)",750604169,1683,2020
750005845,Rue Saint-Augustin,RUE,SAINT AUGUSTIN,"LINESTRING (2.33976323804754 48.8689589980931,2.33956121395079 48.8688967741124,2.33951950097868 48.8688840952418,2.33861981670892 48.8688857346901,2.33854484200067 48.8688858258079)",750603849,1633,1881
750005845,Rue des Filles Saint-Thomas,RUE,FILLES SAINT THOMAS,"LINESTRING (2.33976323804754 48.8689589980931,2.33956121395079 48.8688967741124,2.33951950097868 48.8688840952418,2.33861981670892 48.8688857346901,2.33854484200067 48.8688858258079)",750603849,1881,2020
750005858,Carrefour Gaillon,CARREFOUR,GAILLON,"LINESTRING (2.33442226991555 48.8688818159782,2.33437931206382 48.8689583351042,2.33421552886108 48.8689617581039)",750619317,1844,1936
750005859,Rue Gaillon,RUE,GAILLON,"LINESTRING (2.33361169639232 48.8676556736203,2.33368119269755 48.8678017443523,2.33379627846939 48.8678473045162,2.33391874443332 48.8680430168896,2.33421083432196 48.8685742239799,2.33431646694984 48.8687753038716,2.33433037897141 48.8688846469148)",750604241,1578,2020
750005866,Passage des Deux Pavillons,PASSAGE,DEUX PAVILLONS,"LINESTRING (2.33928484603232 48.8661970771287,2.33904934237534 48.8661173530551,2.33899281478346 48.86610213873,2.33889492977252 48.8660521134344)",750604810,1820,2020
750005878,Rue Coq Héron,RUE,HERON,"LINESTRING (2.34181091657118 48.8641076024824,2.341929037241 48.8641053300633,2.34200054583506 48.8641512886052,2.3426602633178 48.8644884021259)",750605665,1543,2020
750005884,Passage de la Cour des Fontaines,PASSAGE,COUR DES FONTAINES,"LINESTRING (2.33747810489729 48.8634220261833,2.33783849691863 48.8633313843811)",750605984,1781,2020
750005885,Galerie de la Cour d'Honneur,GALERIE,COUR HONNEUR,"LINESTRING (2.33674470763479 48.8639204893143,2.33674787041022 48.8639160739623,2.33760799026852 48.863721141245,2.33764112513816 48.8637357096849)",750605848,1781,2020
750005890,Rue du Croissant,RUE,CROISSANT,"LINESTRING (2.34402643739674 48.8689308304944,2.34328784502718 48.8691192811772,2.34315214460895 48.8691417800442)",750603952,1612,2020
750005894,Rue Dalayrac,RUE,DALAYRAC,"LINESTRING (2.33477837191547 48.8675700132618,2.33483029285482 48.8675785578022,2.33504498596584 48.8675310782804,2.33507742815041 48.8675323377289,2.33509951024716 48.867551403284,2.33511654890821 48.8675808992876,2.33534485689287 48.8680159711689,2.33535768280757 48.8680451973099,2.3353593044587 48.8680705660021,2.3353500347296 48.8680927687799,2.33532617880611 48.868110664541,2.33515237720357 48.8681567052208,2.33510712004455 48.868189528971)",750604282,1829,2020
750005896,Rue des Petits Champs,RUE,PETITS CHAMPS,"LINESTRING (2.33367532276686 48.8675161169086,2.33273293529338 48.8677282050574)",750604289,1700,1944
750005910,Rue Chérubini,RUE,CHERUBINI,"LINESTRING (2.3370138787182 48.8676836932307,2.33695076596261 48.867698441796,2.33632031907367 48.8678452036224,2.33626572507254 48.8678578928004)",750604230,1838,2020
750005915,Rue de Cléry,RUE,CLERY,"LINESTRING (2.34396692892011 48.867337739258,2.34406882665316 48.8673671657554,2.34454252859215 48.8674918619885,2.34467977540828 48.8675308917452)",750604349,1634,2020
750005923,Rue des Jeuneurs,RUE,JEUNEURS,"LINESTRING (2.34363999861894 48.8697588714313,2.34290884144762 48.8699021131417,2.34277756966325 48.8699278393457)",750603640,1643,2020
750005925,Péristyle de Joinville,PERISTYLE,JOINVILLE,"LINESTRING (2.33779342877757 48.8663105023731,2.3378549305668 48.8662526784241,2.33777555523738 48.8661073566197)",750604780,1781,2020
750005932,Boulevard Poissonnière,BOULEVARD,POISSONNIERE,"LINESTRING (2.34376445877169 48.8713754490662,2.34306893682108 48.871488883707)",750603110,1676,2020
750005933,Rue Berger,RUE,BERGER,"LINESTRING (2.34229248758788 48.862250786418,2.34159008514798 48.8624022272925)",750606471,1864,2020
750005943,Place Boieldieu,PLACE,BOIELDIEU,"LINESTRING (2.33797316983076 48.8707665784565,2.33788974121863 48.8707354647508,2.33788974143877 48.8707355546861,2.33750886088282 48.8708044429776,2.33744928896172 48.8708152353953)",750603231,1852,2020
750005982,Rue Brongniart,RUE,BRONGNIART,"LINESTRING (2.34283146285011 48.8697494388351,2.34274946587842 48.869732797765,2.34247941329482 48.8696781365094,2.34237872715517 48.8696577366916)",750603559,1844,2020
750005998,Rue Catinat,RUE,CATINAT,"LINESTRING (2.34032189695415 48.865425099999,2.34037805643277 48.8654457814957,2.34071883214719 48.8655746349903,2.34071883237219 48.8655747249261,2.34088417727547 48.865637578004)",750605036,1847,2020
750006009,Rue d'Amboise,RUE,AMBOISE,"LINESTRING (2.33954264112639 48.8709171755431,2.33946684829337 48.8709327439917,2.33821951342292 48.8711891442795,2.33815816786819 48.8712017349164)",750603169,1781,2020
750006010,Rue de l'Amiral de Coligny,RUE,AMIRAL DE COLIGNY,"LINESTRING (2.3406415186898 48.8604920287349,2.34075691575681 48.8606765893549,2.34079343857149 48.8608141409052,2.34080350425228 48.8609154351445)",750607161,1844,2020
750006027,Passage de Beaujolais,PASSAGE,BEAUJOLAIS,"LINESTRING (2.33722857908855 48.8663980971714,2.33739388031061 48.8663626645199,2.33747000846169 48.866364417889,2.33754080724678 48.8663445700311,2.3375837858508 48.8663541107316)",750604669,1812,2020
750006028,Péristyle de Beaujolais,PERISTYLE,BEAUJOLAIS,"LINESTRING (2.33904745766415 48.8660152400398,2.33895197324339 48.8659940106747,2.33887616661878 48.8658454788449)",750604890,1781,2020
750006088,Rue Neuve-Saint-Eustache,RUE,NEUVE SAINT EUSTACHE,"LINESTRING (2.34417521709872 48.8668927012044,2.34427663627043 48.8669243480957,2.34485140739246 48.8671032573663)",750604478,1634,1865
750006484,Rue Taitbout,RUE,TAITBOUT,"LINESTRING (2.3368613341593 48.8714333915884,2.33644795647308 48.8718610343805)",750602977,1773,2020
750006610,Galerie du Théâtre Français,GALERIE,THEATRE FRANCAIS,"LINESTRING (2.33578295740968 48.8634679363217,2.33587562865606 48.8634445198853,2.33583619836531 48.8633794752252,2.33626408821346 48.8632832005768,2.33630943481135 48.8633560599601,2.33643759942131 48.863326131686)",750605999,1781,2020
750006615,Rue Saint-Joseph,RUE,SAINT JOSEPH,"LINESTRING (2.3441744196053 48.8686137419058,2.3435442122296 48.8687840970918,2.34333973937907 48.8687841095388)",750604063,1646,2020
750006618,Passage Potier,PASSAGE,POTIER,"LINESTRING (2.33689446095782 48.865011075863,2.33654132153182 48.8650896012049)",750605209,1821,2020
750006623,Passage des Petits Pères,PASSAGE,PETITS PERES,"LINESTRING (2.34061567003581 48.8664311627913,2.34045309588614 48.8664598104685,2.340249452009 48.8664983059953,2.34017202933642 48.866512957594)",750604624,1777,2020
750006646,Place des Deux Ecus,PLACE,DEUX ECUS,"LINESTRING (2.341641534008 48.8630920766879,2.34149223135456 48.862948163765,2.3416793165748 48.8628068614655)",750619335,1300,2020
750006650,Péristyle de Chartres,PERISTYLE,CHARTRES,"LINESTRING (2.33625822069424 48.8637852474135,2.33663316030475 48.8636995463985)",750605853,1781,2020
750004906,Rue de la Chaussée d'Antin,RUE,ANTIN,"MULTILINESTRING ((2.33415044566646 48.8709700710956,2.3338546017643 48.8716052231676,2.33380426882391 48.8718426306768,2.33338677742864 48.8727673444252,2.33314641890714 48.872960412305,2.33322656620329 48.8731352335331,2.33270842173459 48.8742900663318,2.33257630304839 48.8746013912393,2.33229074984734 48.875260369851,2.33185357424011 48.8762655626916))",750603146,1712,2020
750005478,Rue du Louvre,RUE,LOUVRE,"MULTILINESTRING ((2.34080350425227 48.8609154351593,2.34093057468621 48.8611274433006,2.34120498472481 48.8617087236129,2.34159008514798 48.8624022273073,2.34170418910732 48.8626314475236,2.34191726383423 48.86303790025,2.34213961386371 48.8634719791795,2.34235269577863 48.8638802385101,2.34241063673493 48.8639955679686,2.34266026331781 48.8644884021407,2.34272502127673 48.8646061134118,2.34304799812883 48.8652061905738,2.34309316689699 48.8652907916681,2.34312462252767 48.8653766799823,2.3432840030997 48.8656852114805,2.34333595013726 48.8657869164966,2.3433904865641 48.8658904190857,2.34376038354394 48.8665856263288,2.34384982600496 48.8667549532165,2.34386687503695 48.8668339991647,2.34393930327712 48.867177877069,2.34392649687789 48.8672240196283,2.34392649728167 48.8672257193894,2.34393249793207 48.8672500894116,2.3439669289201 48.8673377392728))",750604516,1859,2020
750005480,Galerie des Variétés,GALERIE,VARIETES,"MULTILINESTRING ((2.34120399403433 48.8709517409795,2.34128333216704 48.8709415752965,2.34142551352115 48.8709234130612,2.3416207236458 48.8708971362134,2.34164280742871 48.8708942574814,2.34166407264684 48.8708912087646,2.34198878529633 48.8708453211207))",750603179,1834,2020
750005495,Place des Victoires,PLACE,VICTOIRES,"MULTILINESTRING ((2.34109285509394 48.8655326241431,2.34114056125472 48.865526957395,2.34118908627288 48.8655255256542,2.34123679379066 48.8655284817948,2.34128450273017 48.8655358537078,2.34132962070555 48.8655471828497,2.34137146908922 48.8655630986275,2.34140895463668 48.8655836004247,2.34144044303765 48.8656077079597,2.34146852464819 48.865633777098,2.34150858880782 48.8656707177849,2.34151460501168 48.8657165086494,2.34151365617527 48.8657803569064,2.34150343574866 48.8658114719622,2.34148817246665 48.8658418685735,2.34147713198817 48.8658553582535,2.3414753609802 48.8658579656021,2.34146595632174 48.8658698364677,2.34143528939254 48.8658933096982,2.34139876048379 48.8659134635585,2.34136484842847 48.8659296612019,2.3413186148892 48.8659496087428,2.34127431550911 48.8659636393308,2.34122838139095 48.8659716541818,2.3411797191701 48.865973985429,2.34113119424612 48.8659719277113,2.34108348548442 48.8659652662253,2.34103836696513 48.8659543866659,2.3409957004419 48.8659395499839,2.34095657873147 48.8659205769342,2.34092168194881 48.8658980153691,2.34089264690029 48.8658726486416,2.34086715494432 48.8658452212348,2.34085098818354 48.8658269753278,2.34084670656055 48.8658052046914,2.34083988840945 48.8657732808712,2.34083811379056 48.8657412661137,2.3408432917907 48.8657094317435,2.34085514748326 48.8656784966207,2.34087395508251 48.8656490890972,2.34088417727546 48.8656375780188,2.34089780724216 48.8656216609292,2.34092847358823 48.865596839709,2.34096336749787 48.8655748953811,2.34100343974438 48.8655566389904,2.34103330409499 48.8655466102492,2.34104596673276 48.8655426086334,2.34106027765751 48.8655395595041,2.34109285509394 48.8655326241431))",750604994,1685,2020
750005502,Galerie Vivienne,GALERIE,VIVIENNE,"MULTILINESTRING ((2.33944523776718 48.8661591683436,2.33948106216829 48.8662132502887,2.339708584025 48.8666334751944),(2.34017202933641 48.8665129576089,2.3401012870353 48.8665411073753,2.33974007167505 48.8666260098739,2.339708584025 48.8666334751944,2.33989085055221 48.8669779005171,2.33989344355332 48.8670223154261,2.33983810254565 48.8670491245102,2.33920767083113 48.8671916675159,2.33914714945296 48.867205337944))",750604557,1823,2020
750005515,Péristyle de Valois,PERISTYLE,VALOIS,"MULTILINESTRING ((2.33800369989716 48.8636499053905,2.3379449537368 48.8636629815913,2.33780166031214 48.863697919863,2.33764112513817 48.8637357096998),(2.33788911423862 48.8638795816124,2.33780102019471 48.8637081715723,2.33780166031214 48.863697919863))",750605870,1781,2020
750005516,Cour des Fontaines,COUR,FONTAINES,"MULTILINESTRING ((2.33783849691865 48.8633313843959,2.33809610396326 48.863265095784,2.3382021216355 48.8634515402445,2.33832825492981 48.8634230673537,2.33821769611164 48.8632321353308,2.33811139094926 48.8630478575813,2.33800074404931 48.8630858176895,2.33809610396326 48.863265095784))",750606111,1700,1867
750005516,Place de Valois,PLACE,VALOIS,"MULTILINESTRING ((2.33783849691865 48.8633313843959,2.33809610396326 48.863265095784,2.3382021216355 48.8634515402445,2.33832825492981 48.8634230673537,2.33821769611164 48.8632321353308,2.33811139094926 48.8630478575813,2.33800074404931 48.8630858176895,2.33809610396326 48.863265095784))",750606111,1867,2020
750005517,Rue de Valois,RUE,VALOIS,"MULTILINESTRING ((2.3374738863711 48.862671491201,2.33783849691865 48.8633313843959,2.33800369989716 48.8636499053905,2.33810347586269 48.8638250105582,2.33815799880451 48.8639223740714,2.33821756484033 48.8640212934262,2.33834024351568 48.8642376664663,2.33869301876759 48.864891693389,2.33890594308669 48.8653203736177,2.3392382856397 48.8659702715731))",750605759,1814,2020
750005525,Rue Saint-Roch,RUE,SAINT ROCH,"MULTILINESTRING ((2.33135364730621 48.8639906179883,2.33194496943936 48.8649128493271,2.33243998574631 48.8656820538863,2.33244118466166 48.8656839150243,2.33308995812052 48.8666470955048,2.33347486956834 48.8672185418711,2.33367165702529 48.8675106851623,2.33367532276687 48.8675161169234))",750604381,1578,2020
750005530,Rue Sainte-Anne,RUE,SAINTE ANNE,"MULTILINESTRING ((2.33482441587454 48.8648074506582,2.33492539735212 48.8649615698068,2.33496032887017 48.8650721361514,2.33486967203595 48.8650510112593,2.33470780876997 48.865075738461),(2.33496032887017 48.8650721361514,2.33545914385615 48.8661932321289,2.33550589602013 48.8662416129577,2.33568227067548 48.866585586871,2.33586994747197 48.8669500733102,2.3358690595901 48.8669966202428,2.33626572507254 48.8678578928152,2.33629740266982 48.8679266695026,2.33631786301848 48.8679711026039,2.33633544657836 48.8680108593507,2.33633965914794 48.8680207961712,2.33651389073361 48.8684332134544,2.33668494935879 48.8688380843329,2.33668835683553 48.8688772120327,2.3366896384745 48.8688867260867))",750605307,1633,2020
750005543,Rue Thérèse,RUE,THERESE,"MULTILINESTRING ((2.33663985267362 48.8656108657574,2.33550589602013 48.8662416129577,2.33485160783651 48.8664013166666,2.334289326577 48.8665270351204,2.33411989943146 48.8664283814971))",750604631,1692,2020
750005572,Rue Neuve Saint-Augustin,RUE,NEUVE SAINT AUGUSTIN,"MULTILINESTRING ((2.33854484200066 48.8688858258227,2.33844778516444 48.8688859270477,2.33676251239998 48.8688867441025,2.3366896384745 48.8688867260867,2.33662019877891 48.868885943733,2.33593957379497 48.868878739391,2.33559537730508 48.868879637003,2.33548877710022 48.8688799958244,2.33536787853305 48.8688801834213,2.33449707991685 48.868881601533,2.33442226991556 48.868881815993,2.3343303789714 48.8688846469296,2.33418905965315 48.8688929811269,2.3334211425502 48.8688391324581,2.33329588290032 48.8688311258408,2.33326942345821 48.8688294252878))",750603856,1663,1881
750005572,Rue Saint-Augustin,RUE,SAINT AUGUSTIN,"MULTILINESTRING ((2.33854484200066 48.8688858258227,2.33844778516444 48.8688859270477,2.33676251239998 48.8688867441025,2.3366896384745 48.8688867260867,2.33662019877891 48.868885943733,2.33593957379497 48.868878739391,2.33559537730508 48.868879637003,2.33548877710022 48.8688799958244,2.33536787853305 48.8688801834213,2.33449707991685 48.868881601533,2.33442226991556 48.868881815993,2.3343303789714 48.8688846469296,2.33418905965315 48.8688929811269,2.3334211425502 48.8688391324581,2.33329588290032 48.8688311258408,2.33326942345821 48.8688294252878))",750603856,1881,2020
750005584,Rue Saint-Honoré,RUE,SAINT HONORE,"MULTILINESTRING ((2.34577665844572 48.8607031249258,2.34573708462537 48.8607392152726,2.34530297273661 48.8609611278232,2.34503576635538 48.8610381266476,2.34490614366607 48.8610766791024,2.343998165457 48.8611868138199,2.34314457135191 48.8613437004995,2.34292732042721 48.861380673506,2.34270756184929 48.8614100292563,2.34261507445302 48.8614389632045,2.34244645168072 48.8614543051227,2.3424035465753 48.8614615465506,2.34228933332861 48.8614778293463,2.34120498472481 48.8617087236129,2.34052610536114 48.8618643238107,2.3396869374353 48.8620729823495,2.33951834058319 48.8621228165798,2.33946586717134 48.8621353174952,2.33918428067245 48.8622183187638,2.33809322414146 48.8625060171577,2.3374738863711 48.862671491201,2.33731320388414 48.862711447229,2.33652069229575 48.8629092097708,2.33571480202231 48.86311781268,2.33561909119677 48.863147991403,2.33557669821598 48.8632676219723,2.33465928480594 48.8636202162848,2.33423333078292 48.8638230047395,2.334068932523 48.8638983061505,2.333120642435 48.8643624435196,2.33269563076632 48.8645646776862,2.33230878237334 48.8647470372373,2.33194496943936 48.8649128493271,2.3319016221161 48.8649354192773,2.33159996231819 48.8650900827003,2.33087068176837 48.8654633381672,2.33081697450714 48.8654916622703,2.33076340171584 48.8655198072317,2.33016444321055 48.8658199623732,2.33000086285425 48.8659020482696,2.32857549554391 48.866610237247,2.32844599255766 48.8666681318026,2.32783705263237 48.8669051543524,2.32716281159233 48.8671538228513,2.32686808774499 48.8672479530921,2.3262137518947 48.8674405209122,2.3258711792064 48.8675343739205,2.32458659634149 48.8679345691112,2.32323375349001 48.8683849391681))",750606630,1241,2020
750005589,Rue Saint-Marc,RUE,SAINT MARC,"MULTILINESTRING ((2.34262220069234 48.870224788575,2.34243939504745 48.870220751865,2.34236702309919 48.8702203506591,2.34229626371683 48.8702586191423,2.34185404617035 48.8702942521166,2.3414936214913 48.8703309585167,2.3412594252027 48.8703547092989,2.34103109158829 48.8703754925977,2.34089559060626 48.8703878175557,2.34080016627898 48.8703919578413,2.34077971909027 48.8703939370974,2.33944038166505 48.8705297705709,2.3393585895013 48.8705381362979,2.33928102476726 48.8705536058169,2.33805755351865 48.8707979618055,2.33805673566677 48.8707977369441,2.33797316983076 48.8707665784713))",750603284,1650,2020
750005594,Rue Rameau,RUE,RAMEAU,"MULTILINESTRING ((2.33789991066112 48.8676711848466,2.33779767639217 48.8676942980724,2.33716041473185 48.8678390057817,2.33709648493338 48.8678535655323,2.33703091867447 48.8678679543024,2.33639188058497 48.8680092314753,2.33633965914794 48.8680207961712))",750604234,1806,2020
750005595,Rue Réaumur,RUE,REAUMUR,"MULTILINESTRING ((2.35963184893622 48.8646797071266,2.3594393737177 48.8647397632487,2.35826985055418 48.8649879232863,2.35713602613268 48.8652304970656,2.35663174193109 48.8653495530296,2.35647067019103 48.8653870269822,2.35615360659199 48.8654180713267,2.35602866832575 48.8654552687064,2.35567835516212 48.8655486903275,2.35556196659245 48.865594986938,2.35404869216889 48.8659269185822,2.35377374970114 48.8659769964238,2.35346026394167 48.866045658108,2.35323795925806 48.8660859787896,2.35297898900483 48.8661373651242,2.35272601856231 48.8661910874645,2.35252276428065 48.8662188147143,2.35233415634702 48.8662717179524,2.35215778562269 48.866313198921,2.35203052344108 48.866345032949,2.35193888848467 48.8663636784296,2.35127006406946 48.8665133166548,2.35114316764844 48.8665417495064,2.35099841599648 48.8665717141145,2.35043017279348 48.8666895004687,2.34956724243048 48.8668761123756,2.34945383864354 48.8669004950719,2.34935079389997 48.8669228987625,2.34807841038682 48.8671997608803,2.34765136768498 48.8672954228813,2.34742890299249 48.8673410829994,2.3473266740861 48.8673634039585,2.34720822474946 48.8673889450456,2.34652764806425 48.8675357694682,2.34636912397056 48.8675699557409,2.34621155409032 48.8676047801533,2.3456296583854 48.8677336848537,2.34549675903228 48.8677632012804,2.34535363473064 48.8677902711809,2.34375718592065 48.8681324692605,2.34360124661901 48.8681660311048,2.34341545630149 48.8682069501974,2.34226199422545 48.8684616890201,2.34199277906546 48.8685262704916,2.34190207697553 48.8685480647162))",750603978,1895,2020
750005602,Rue de Richelieu,RUE,RICHELIEU,"MULTILINESTRING ((2.33557669821598 48.8632676219723,2.33589361106762 48.8638681590576,2.33619523795679 48.8644189662385,2.33634766367497 48.8647143249652,2.33654132153182 48.8650896012198,2.33681120415496 48.8655834734034,2.33677126548755 48.8655604968527,2.33673412295088 48.8655555955381,2.33663985267362 48.8656108657574,2.33679725878405 48.8657369251589,2.33690824053726 48.8658006120668),(2.33681120415496 48.8655834734034,2.33690824053726 48.8658006120668,2.33695594714975 48.8658901795398,2.33722857908854 48.8663980971862,2.3372393884234 48.8664052285905,2.33737196360327 48.8666490752637,2.33739295664929 48.8666837056276,2.3373921377304 48.8666860348926,2.33789991066112 48.8676711848466,2.33809839072648 48.8680864680308,2.33819217680234 48.8682046315187,2.33851757812765 48.8688325896598,2.33854484200066 48.8688858258227,2.33856529091276 48.868944008472,2.33864108750318 48.8690927567487,2.33868457574803 48.869177997471,2.33872806378805 48.8692631581275,2.33883535278754 48.8694715177299,2.33891974043724 48.8696382415856,2.33904325419616 48.8698797845061,2.33933814016547 48.8704947012696,2.3393585895013 48.8705381362979,2.3393798575297 48.8705818402456,2.33954264112638 48.8709171755579,2.33967638770291 48.8712007129206,2.33996011091556 48.8718025900765,2.34004423330595 48.8719808237334))",750604233,1629,2020
750005604,Rue de Rivoli,RUE,RIVOLI,"MULTILINESTRING ((2.36162117263961 48.8550170727165,2.36148255529183 48.8551095490989,2.36114004988083 48.8551983638811,2.36007160598969 48.8554467898029,2.35967480467432 48.8555404857734,2.35896493241202 48.8557087920398,2.35797298519197 48.8559507172703,2.35712586402639 48.8561479673275,2.3565998418835 48.8562748598329,2.35552577063252 48.8565377672991,2.35496385840173 48.8566644593087,2.35402799141044 48.8568995879132,2.35382467381687 48.856947819564,2.35356482396316 48.8569903224026,2.35235349084539 48.8572807749601,2.3516128302686 48.857427205612,2.35144283246327 48.8574873799545,2.35116024762949 48.8575840805201,2.35108693149253 48.8576037744544,2.3502726948578 48.8578488387651,2.35018507083654 48.857877176359,2.35009812720872 48.85790570285,2.34985201530354 48.8579847687759,2.34965182808282 48.8580476607565,2.3490779006225 48.8582237492617,2.34839045403542 48.8584423020865,2.34821983843919 48.8585164290796,2.34816542239386 48.8585339973706,2.34743389521437 48.8587703185418,2.34645014628416 48.8590881052118,2.34561878799044 48.8593566530911,2.34518696344061 48.8594961372793,2.34481202124948 48.8596172437674,2.34478584176022 48.8596257081051,2.34397031581553 48.8598904298031,2.34396862579843 48.8598909610473,2.34390207786359 48.8599124935678,2.34339651257472 48.8600761039092,2.34234368298288 48.8604167986894,2.34212981897959 48.860485999957,2.34120137682978 48.860786445313,2.34082642824806 48.8609077631777,2.34080350425227 48.8609154351593,2.33981378341627 48.8612468151007,2.33912346030962 48.8614779470962,2.33811603906382 48.8618035214249,2.33811556129532 48.8618036833632,2.33699545001015 48.862167054971,2.33690689717612 48.862195787769,2.33630129711592 48.8623922353029,2.33623393856077 48.8624140873124,2.33527797425033 48.8627241871743,2.33377585995784 48.8632085116003,2.33227048606344 48.8636938583617,2.33208658259071 48.8637531495831,2.33190687583624 48.8638113712419,2.33135364730621 48.8639906179883,2.33011269491907 48.8643883953729,2.32929563732793 48.8646502876638,2.32725709327464 48.865303671992,2.32600199265072 48.8657101523905,2.32502552168188 48.8660263968216,2.32414890481798 48.8663102703179,2.32371946833075 48.866345169212,2.32344515081178 48.8663296349345))",750606263,1848,2020
750005620,Rue de Port-Mahon,RUE,PORT MAHON,"MULTILINESTRING ((2.33418905965315 48.8688929811269,2.33405401829406 48.8694706187091,2.3339458870582 48.8699798757409,2.33393729730393 48.8700179141768,2.33393972014656 48.8700677880782))",750603839,1795,2020
750005624,Passage des Princes,PASSAGE,PRINCES,"MULTILINESTRING ((2.33942606339 48.8712647218591,2.33960242059419 48.8712225770156,2.33967638770291 48.8712007129206),(2.33942606339 48.8712647218591,2.33956355770357 48.8715349499189),(2.33904487330763 48.8718092150096,2.33911086061369 48.8716357342193,2.33896780615508 48.8713654965308,2.33942606339 48.8712647218591))",750603028,1860,2020
750005625,Galerie des Proues,GALERIE,PROUES,"MULTILINESTRING ((2.33764112513817 48.8637357096998,2.33747810489728 48.8634220261981,2.3374050461627 48.863281416219))",750605946,1634,2020
750005629,Rue des Pyramides,RUE,PYRAMIDES,"MULTILINESTRING ((2.33227543347931 48.8639896749587,2.33269563076632 48.8645646776862,2.33326123640086 48.8653190961435,2.33358397813514 48.865762636076,2.33394247884852 48.8662328398648,2.33397041446399 48.8663510946174,2.33411989943146 48.8664283814971,2.33407284023114 48.8662865915507,2.33394247884852 48.8662328398648))",750604730,1802,2020
750005639,Rue Monsigny,RUE,MONSIGNY,"MULTILINESTRING ((2.33510712004455 48.8681895289858,2.33512415791503 48.8682197444405,2.33546330149549 48.8688344024982,2.33548877710022 48.8688799958244,2.33551358618585 48.8689250494343,2.33570605509257 48.8692769369541,2.33581401174121 48.869505443804,2.33581005444244 48.8697268452784))",750603854,1829,2020
750005642,Boulevard Montmartre,BOULEVARD,MONTMARTRE,"MULTILINESTRING ((2.34306893682108 48.8714888837218,2.34185933557421 48.8716856184453,2.34162581652485 48.8717235967317,2.34004423330595 48.8719808237334))",750602867,1676,2020
750005644,Galerie Montmartre,GALERIE,MONTMARTRE,"MULTILINESTRING ((2.34266600265999 48.8704905856131,2.34255529854339 48.870501957723,2.34191800735984 48.8705677183372,2.34155608096961 48.8706042278084))",750603301,1834,2020
750005645,Rue Montmartre,RUE,MONTMARTRE,"MULTILINESTRING ((2.3461781294578 48.8632443250552,2.34602235843035 48.8632791312316,2.34594103011162 48.8633685881411,2.34564098052897 48.8638523241381,2.34547147245582 48.8641583700149,2.34512564138487 48.8648034286065,2.34504658454649 48.8648904752992,2.34475408750973 48.865590636654,2.34465787615415 48.865812152634,2.34457989816074 48.8660124089227,2.3444976485741 48.8661913344722,2.34443891920676 48.8663223539089,2.34427081184718 48.8667104208098,2.34421408744426 48.8668505767052,2.34417521709873 48.8668927012192,2.34414973520669 48.8669517851593,2.34401006139608 48.8672695077822,2.34400747279179 48.8672759922489,2.3439669289201 48.8673377392728,2.34395937033959 48.867381543522,2.34378685340359 48.8677810302776,2.34364976079435 48.8680655698819,2.34360124661901 48.8681660311048,2.34355518676292 48.8682735781904,2.3434215025033 48.8685842853897,2.34333973937907 48.8687841095536,2.34315214460894 48.869141780059,2.34283146285011 48.8697494388499,2.34277756966326 48.8699278393605,2.34268260793223 48.8700219088101,2.34262220069234 48.870224788575,2.3426449639136 48.8704475112598,2.34266600265999 48.8704905856131,2.34284713387412 48.870861264954,2.34306893682108 48.8714888837218))",750604686,1200,2020
750005659,Rue des Petits Champs,RUE,PETITS CHAMPS,"MULTILINESTRING ((2.33976893946659 48.8660826763997,2.33967015776608 48.8661060243261,2.33944523776718 48.8661591683436,2.33928484603232 48.8661970771435,2.33905043905578 48.8662524595763,2.33867849584452 48.8663403538216,2.33737196360327 48.8666490752637,2.33656326494557 48.8668360827715,2.33586968725213 48.8669964672398,2.3358690595901 48.8669966202428,2.33524948190728 48.8671433495668,2.33510895735871 48.8671766298643,2.33459946086121 48.8672972792613,2.33367532276687 48.8675161169234))",750604672,1273,2020
750005660,Place des Petits Pères,PLACE,PETITS PERES,"MULTILINESTRING ((2.34052087936056 48.8662219314859,2.34061567003582 48.8664311628061),(2.34095610314434 48.8662776518626,2.34101118177323 48.8663927033813))",750604707,1805,2020
750005661,Rue des Petits Pères,RUE,PETITS PERES,"MULTILINESTRING ((2.33976893946659 48.8660826763997,2.33997429102555 48.866138038611,2.34007740971806 48.8661690779288,2.34052087936056 48.8662219314859,2.34095610314434 48.8662776518626,2.34116512163656 48.8663043970784,2.3412877020101 48.8662814424154))",750604734,1615,2020
750005669,Rue du Dix Décembre,RUE,DIX DECEMBRE,"MULTILINESTRING ((2.3341076397226 48.8700411647444,2.33393972014656 48.8700677880782),(2.33786327122903 48.8693394304382,2.33686897333589 48.8695204629261,2.3367768224887 48.8695370992065),(2.33976323804756 48.8689589981079,2.33945475753456 48.869026092173),(2.33374108711057 48.8701111289615,2.33363398006685 48.8701307661141,2.33307165475716 48.8702381246492,2.33289022435533 48.8702660867946,2.33269077235756 48.8702969250161),(2.340080169683 48.8689120465474,2.33994126393363 48.8689325635441,2.33976323804756 48.8689589981079),(2.33595659664908 48.8696977993104,2.33588748264646 48.86971137814,2.33581005444244 48.8697268452784),(2.3367768224887 48.8695370992065,2.33668412724653 48.8695552648781,2.33604944339141 48.869679553202,2.33595659664908 48.8696977993104),(2.33868457574803 48.869177997471,2.33857811311749 48.8691990428796,2.33786327122903 48.8693394304382),(2.33581005444244 48.8697268452784,2.3349025762919 48.8698924832907,2.3348123469915 48.8699088571364),(2.33945475753456 48.869026092173,2.33879103850272 48.8691570428019,2.33868457574803 48.869177997471),(2.33393972014656 48.8700677880782,2.33374108711057 48.8701111289615),(2.3348123469915 48.8699088571364,2.33468787264902 48.8699333972554,2.33427809445605 48.8700141442763,2.3341076397226 48.8700411647444),(2.33801921953212 48.86945237715,2.33796046699841 48.8694185660909,2.33791357264091 48.869391588146,2.33786327122903 48.8693394304382))",750603659,1864,1870
750005669,Rue du Quatre Septembre,RUE,QUATRE SEPTEMBRE,"MULTILINESTRING ((2.3341076397226 48.8700411647444,2.33393972014656 48.8700677880782),(2.33786327122903 48.8693394304382,2.33686897333589 48.8695204629261,2.3367768224887 48.8695370992065),(2.33976323804756 48.8689589981079,2.33945475753456 48.869026092173),(2.33374108711057 48.8701111289615,2.33363398006685 48.8701307661141,2.33307165475716 48.8702381246492,2.33289022435533 48.8702660867946,2.33269077235756 48.8702969250161),(2.340080169683 48.8689120465474,2.33994126393363 48.8689325635441,2.33976323804756 48.8689589981079),(2.33595659664908 48.8696977993104,2.33588748264646 48.86971137814,2.33581005444244 48.8697268452784),(2.3367768224887 48.8695370992065,2.33668412724653 48.8695552648781,2.33604944339141 48.869679553202,2.33595659664908 48.8696977993104),(2.33868457574803 48.869177997471,2.33857811311749 48.8691990428796,2.33786327122903 48.8693394304382),(2.33581005444244 48.8697268452784,2.3349025762919 48.8698924832907,2.3348123469915 48.8699088571364),(2.33945475753456 48.869026092173,2.33879103850272 48.8691570428019,2.33868457574803 48.869177997471),(2.33393972014656 48.8700677880782,2.33374108711057 48.8701111289615),(2.3348123469915 48.8699088571364,2.33468787264902 48.8699333972554,2.33427809445605 48.8700141442763,2.3341076397226 48.8700411647444),(2.33801921953212 48.86945237715,2.33796046699841 48.8694185660909,2.33791357264091 48.869391588146,2.33786327122903 48.8693394304382))",750603659,1870,2020
750005677,Rue Paul Lelong,RUE,PAUL LELONG,"MULTILINESTRING ((2.34378685340359 48.8677810302776,2.34367616743278 48.8677786723513,2.34164679484101 48.8676138102578,2.3415257891558 48.8675983396082,2.34146025078586 48.8676014810682,2.34090642024567 48.8676955679084,2.34082981383487 48.8677086100994))",750604261,1847,2020
750005683,Péristyle de Montpensier,PERISTYLE,MONTPENSIER,"MULTILINESTRING ((2.33674470763479 48.8639204893291,2.33674063244149 48.8639376838375,2.33658711491114 48.8639726566257,2.33643541056774 48.8640067390242,2.33638429606278 48.8640180787644),(2.33658711491114 48.8639726566257,2.33666712385725 48.8641340759536,2.33683971035186 48.8641170076978))",750605735,1781,2020
750005684,Rue de Montpensier,RUE,MONTPENSIER,"MULTILINESTRING ((2.33589361106762 48.8638681590576,2.33625822069425 48.8637852474283,2.33638429606278 48.8640180787644,2.33646527196487 48.8641748134933,2.33669935663824 48.8646309258021,2.33689446095781 48.8650110758778,2.33715625032891 48.8655211518331,2.33758378585081 48.8663541107464))",750605630,1784,2020
750005703,Rue Notre-Dame des Victoires,RUE,NOTRE DAME DES VICTOIRES,"MULTILINESTRING ((2.34101118177323 48.8663927033813,2.34149105308019 48.8675532514851,2.3415257891558 48.8675983396082,2.34188562894656 48.8684629666289,2.34190049528359 48.8685385949371,2.34190207697553 48.8685480647162,2.34191495336003 48.8686252847032,2.34227954622053 48.8694369429871,2.34237872715517 48.8696577367064,2.3425883816805 48.8701244315274,2.34262220069234 48.870224788575))",750604636,1801,2020
750005713,Rue de Marivaux,RUE,MARIVAUX,"MULTILINESTRING ((2.33724562364569 48.8703341249777,2.33726184589111 48.8703723441777,2.33744928896173 48.8708152354101,2.33772947988059 48.8714922331654,2.33774322281253 48.8715856859177))",750603205,1781,2020
750005722,Rue la Feuillade,RUE,FEUILLADE,"MULTILINESTRING ((2.34085098818354 48.8658269753278,2.3399229382598 48.8660462956536,2.33976893946659 48.8660826763997))",750604895,1685,2020
750005723,Rue de la Michodière,RUE,MICHODIERE,"MULTILINESTRING ((2.33442226991556 48.868881815993,2.33443914011504 48.8689942799927,2.33472114887341 48.8696199096685,2.3348021274186 48.8698174011086,2.33481315437852 48.8698433904225,2.3348123469915 48.8699088571364,2.33481151070331 48.8700027419919,2.33481055048336 48.8701479659788,2.33481054921698 48.8701788106975,2.33481054757022 48.8702198269686,2.33480806373655 48.8709090307001,2.334808060033 48.8709833018703,2.33473474173063 48.8710699371228))",750603852,1778,2020
750005728,Rue la Vrillière,RUE,VRILLIERE,"MULTILINESTRING ((2.34066845467493 48.8650358098005,2.34058590194671 48.8651272509973,2.34032189695414 48.8654251000138,2.34019923046981 48.8655636820182,2.34001004956683 48.8657836511595,2.33985885462397 48.8659710375846,2.3398328635272 48.8660032589414,2.33976893946659 48.8660826763997),(2.3399229382598 48.8660462956536,2.33985885462397 48.8659710375846))",750604844,1652,2020
750005732,Rue Saint-Sauveur,RUE,SAINT SAUVEUR,"MULTILINESTRING ((2.34715594254095 48.8663519068086,2.34708874460048 48.8663655817005,2.3468221326839 48.8664058933951,2.34622920684442 48.8665101806953,2.34609156437711 48.8665232948389,2.34553001531332 48.8666268030948,2.3452205479002 48.8666876804922,2.34505438901896 48.8667050496136,2.34440187212608 48.8666964632931,2.34439423935176 48.8666963738179,2.34427081184718 48.8667104208098,2.34420081805196 48.8667197691097,2.3440593310626 48.8667375841065,2.34400058072445 48.8667347097731,2.34393501414592 48.8667195166093,2.34392642614689 48.8667174487081,2.34384982600496 48.8667549532165))",750604600,1851,1937
750005750,Place du Palais Royal,PLACE,PALAIS ROYAL,"MULTILINESTRING ((2.33699545001015 48.862167054971,2.33731320388414 48.862711447229),(2.33623393856077 48.8624140873124,2.33652069229575 48.8629092097708))",750606394,1648,2020
750005751,Passage des Panoramas,PASSAGE,PANORAMAS,"MULTILINESTRING ((2.34185933557421 48.8716856184453,2.34182349528426 48.8715312061593,2.34164621608244 48.8709063076076,2.34164280742871 48.8708942574814,2.34163939832333 48.8708820274843,2.34155608096961 48.8706042278084,2.34155498864851 48.8705863500991,2.34150384876162 48.8703747533328,2.3414936214913 48.8703309585167))",750603261,1800,2020
750005764,Boulevard des Italiens,BOULEVARD,ITALIENS,"MULTILINESTRING ((2.33954644000234 48.8718953442524,2.33904487330763 48.8718092150096,2.33880480551264 48.8717679881301,2.33830816304849 48.8716827013772,2.33804395277802 48.8716373275411,2.33774322281253 48.8715856859177,2.33709635492445 48.8714745953581,2.33700869934471 48.8714585881573,2.33686133415931 48.8714333916032,2.33595479038112 48.8712784636901,2.33473474173063 48.8710699371228,2.33441434733989 48.8710151748776),(2.34004423330595 48.8719808237334,2.33992674495082 48.8719086514074,2.3396358677111 48.8718557819472,2.33954644000234 48.8718953442524),(2.33974100990971 48.8720288895244,2.33954644000234 48.8718953442524))",750602812,1782,2020
750005774,Rue Jean-Jacques Rousseau,RUE,JEAN JACQUES ROUSSEAU,"MULTILINESTRING ((2.3396869374353 48.8620729823495,2.34031147228545 48.8623949036413,2.34075009746366 48.862630408149,2.341641534008 48.8630920767027),(2.34274746461563 48.8636125933751,2.34283650715926 48.8637051151544,2.34339964764227 48.8639918697246,2.34437087505239 48.8644901939799,2.34485561209342 48.8647468029036,2.34501323527833 48.8648303973049))",750606304,1791,2020
750005775,Rue Louis Le Grand,RUE,LOUIS LE GRAND,"MULTILINESTRING ((2.33174800190866 48.8679498634712,2.33176404204166 48.8679840543473,2.33177344591675 48.867994657952,2.33273696998236 48.8690413588177,2.33276844215235 48.8690749934195,2.33291333353877 48.8692320114907,2.33305809002429 48.8693898380161,2.33364843615685 48.8700350837603,2.33364939046895 48.8700357222099,2.33374108711057 48.8701111289615,2.3338392713144 48.8702115266811,2.33429088443216 48.8707060474987,2.33419848908945 48.87089484764,2.33415044566646 48.8709700710956),(2.33429088443216 48.8707060474987,2.33450155678354 48.8709440173675,2.33441434733989 48.8710151748776))",750603702,1701,2020
750005777,Rue de Louvois,RUE,LOUVOIS,"MULTILINESTRING ((2.33809839072648 48.8680864680308,2.33798770474835 48.8681105698186,2.3372983665815 48.8682601263315,2.33656908459321 48.8684210994738,2.33651389073361 48.8684332134544))",750604102,1784,2020
750005799,Rue Etienne Marcel,RUE,ETIENNE MARCEL,"MULTILINESTRING ((2.35094911074941 48.8634059223521,2.34999296632395 48.8636353004345,2.34904118725966 48.8638636181039,2.3476174347062 48.8642051219226,2.34667603420534 48.8644309196142,2.3466754476214 48.8644310630054,2.34531463292007 48.8647580275928,2.34512564138487 48.8648034286065,2.34510165249063 48.8648091943478,2.34501323527833 48.8648303973049,2.34394927538994 48.8650855237861,2.34309316689699 48.8652907916681,2.34261091579476 48.8654064202008,2.34254619862897 48.8654219453404,2.34150858880782 48.8656707177849))",750605038,1880,2020
750005802,Rue Favart,RUE,FAVART,"MULTILINESTRING ((2.33775941114974 48.8702446423464,2.33775941180937 48.8702449121525,2.33794685904227 48.8707019304079,2.33797316983076 48.8707665784713,2.3380004362375 48.8708312363068,2.33815816786819 48.8712017349312,2.33827650318183 48.8714857246152,2.3382808657207 48.8715128827312,2.33830816304849 48.8716827013772))",750603222,1780,2020
750005807,Rue de Grammont,RUE,GRAMMONT,"MULTILINESTRING ((2.3366896384745 48.8688867260867,2.33671199400756 48.8689265910275,2.33678946036112 48.869473898714,2.3367768224887 48.8695370992065,2.3368808039486 48.8703987932666,2.33700869934471 48.8714585881573))",750603313,1765,1930
750005819,Rue Grétry,RUE,GRETRY,"MULTILINESTRING ((2.33775941114974 48.8702446423464,2.33724562364569 48.8703341249777,2.33694571934368 48.8703872734847,2.3368808039486 48.8703987932666))",750603332,1781,2020
750005824,Rue de Hanovre,RUE,HANOVRE,"MULTILINESTRING ((2.33596163049253 48.8701847570084,2.33590546643087 48.8701844867789,2.33488049475374 48.8701790815787,2.33481054921698 48.8701788106975,2.33471267190345 48.8701788090171,2.33422582119518 48.8701777217187,2.33414859716247 48.8701471543062,2.3341076397226 48.8700411647444))",750603428,1780,2020
750005836,Galerie Colbert,GALERIE,COLBERT,"MULTILINESTRING ((2.33905043905578 48.8662524595763,2.33911583038519 48.8663615766112,2.3394648115899 48.8669759160547))",750604722,1826,2020
750005841,Rue Feydeau,RUE,FEYDEAU,"MULTILINESTRING ((2.34236702309919 48.8702203506591,2.34229707411549 48.8701786730759,2.34153203831787 48.8700551494769,2.34116056441538 48.8700066939197,2.34074219685517 48.8699489864141,2.34065018161114 48.8699362107552,2.34055639270094 48.8699218262243,2.34040903031402 48.8698989893791,2.33959111389959 48.8697937998334,2.33949064744756 48.8697956008431,2.33912163615766 48.8698649446916,2.33904325419616 48.8698797845061))",750603441,1680,2020
750005873,Rue de l'Echelle,RUE,ECHELLE,"MULTILINESTRING ((2.33377585995784 48.8632085116003,2.33382948957511 48.8632813542041,2.33410465857808 48.8636496214278,2.33419501971213 48.8637631028477,2.33423333078292 48.8638230047395,2.3342716151249 48.8638829784144,2.33434657655214 48.8639776730096,2.33438746392106 48.8640345080056,2.33457909312353 48.8642885562519,2.33466005267459 48.8643874776118,2.33482330120319 48.864426401324,2.33500341567764 48.8643611339085),(2.33466005267459 48.8643874776118,2.33472930232952 48.8645145373185,2.33488457422066 48.8646556363023))",750605534,1633,2020
750005879,Rue Coquillière,RUE,COQUILLIERE,"MULTILINESTRING ((2.3439353462724 48.8633320559304,2.34387431159311 48.8633422400842,2.34331899945615 48.8634707633322,2.34287423609602 48.8635943043114,2.34274746461563 48.8636125933751),(2.34213961386371 48.8634719791795,2.34230234289383 48.8636013847904,2.34241080191082 48.8636300035159,2.34252739303797 48.8636246283556,2.34266837948579 48.8635942170678,2.34274746461563 48.8636125933751,2.34235269577863 48.8638802385101,2.34181091657119 48.8641076024972,2.34162656267824 48.8642021062293,2.34084320204573 48.8645581802098,2.34055942655767 48.8646887650126,2.34045506221203 48.8647370513735))",750605436,1292,2020
750005891,Rue Croix des Petits Champs,RUE,CROIX DES PETITS CHAMPS,"MULTILINESTRING ((2.33918428067245 48.8622183187638,2.33939643805234 48.8627199464249,2.33953567069945 48.8630491043556,2.33958299923347 48.8631610185799,2.33976893384731 48.86353905878,2.34026649519378 48.864473039752,2.34045506221203 48.8647370513735,2.34066845467493 48.8650358098005,2.34090040157597 48.8653271837857,2.34106027765751 48.8655395595041))",750606110,1633,2020
750005897,Rue Daunou,RUE,DAUNOU,"MULTILINESTRING ((2.33301235901544 48.8690033730298,2.33273696998236 48.8690413588177,2.33267724739108 48.8690670762248,2.33165482671556 48.8695099313271,2.33152627433293 48.8695655905331,2.33139759708734 48.8696216095387,2.33051746619217 48.8700045691363,2.33023622225739 48.8701349490309,2.32997639369027 48.8702553017591))",750603791,1881,2020
750005907,Galerie de Chartres,GALERIE,CHARTRES,"MULTILINESTRING ((2.33643759942131 48.8633261317008,2.33663316030475 48.8636995464133,2.33674470763479 48.8639204893291))",750605852,1781,2020
750005911,Passage Choiseul,PASSAGE,CHOISEUL,"MULTILINESTRING ((2.33510895735871 48.8671766298643,2.3351344184323 48.8672265850789,2.33556038059744 48.8680697767254,2.33594802658877 48.8688329216058,2.33593957379497 48.868878739391))",750604400,1825,2020
750005912,Rue de Choiseul,RUE,CHOISEUL,"MULTILINESTRING ((2.33593957379497 48.868878739391,2.33593957320904 48.8689231642201,2.33595659664908 48.8696977993104,2.3359574257529 48.8697866481112,2.33596163049253 48.8701847570084,2.33595561185201 48.871114787313,2.33595479038112 48.8712784636901))",750603857,1776,2020
750005929,Avenue Napoléon,AVENUE,NAPOLEON,"MULTILINESTRING ((2.33557669821598 48.8632676219723,2.33534760741064 48.8636101622404,2.33528707187743 48.8637183448433,2.33517721750196 48.8639614981289,2.33515934583775 48.8640133864904,2.33500341567764 48.8643611339085,2.33488457422066 48.8646556363023,2.33482441587454 48.8648074506582,2.33470780876997 48.865075738461,2.33411989943146 48.8664283814971,2.33379146704149 48.867212380427,2.33347486956834 48.8672185418711),(2.33379146704149 48.867212380427,2.33375685223958 48.8672949957705,2.33367532276687 48.8675161169234,2.33361169639232 48.8676556736351,2.33324708146047 48.8684612077585,2.33324379188344 48.8685262874996,2.33317824536325 48.8686063937793,2.33314170524995 48.8686996472474,2.33310244023013 48.8687907423799,2.33301235901544 48.8690033730298,2.33295246488185 48.8691406548985,2.33294906390648 48.8692141886943,2.33291333353877 48.8692320114907,2.33288178785177 48.8692522165763,2.332874067201 48.8693234662386,2.33257069860309 48.8700242612303,2.33249570792397 48.8701984485125))",750603703,1864,1873
750005929,Avenue de l'Opéra,AVENUE,OPERA,"MULTILINESTRING ((2.33557669821598 48.8632676219723,2.33534760741064 48.8636101622404,2.33528707187743 48.8637183448433,2.33517721750196 48.8639614981289,2.33515934583775 48.8640133864904,2.33500341567764 48.8643611339085,2.33488457422066 48.8646556363023,2.33482441587454 48.8648074506582,2.33470780876997 48.865075738461,2.33411989943146 48.8664283814971,2.33379146704149 48.867212380427,2.33347486956834 48.8672185418711),(2.33379146704149 48.867212380427,2.33375685223958 48.8672949957705,2.33367532276687 48.8675161169234,2.33361169639232 48.8676556736351,2.33324708146047 48.8684612077585,2.33324379188344 48.8685262874996,2.33317824536325 48.8686063937793,2.33314170524995 48.8686996472474,2.33310244023013 48.8687907423799,2.33301235901544 48.8690033730298,2.33295246488185 48.8691406548985,2.33294906390648 48.8692141886943,2.33291333353877 48.8692320114907,2.33288178785177 48.8692522165763,2.332874067201 48.8693234662386,2.33257069860309 48.8700242612303,2.33249570792397 48.8701984485125))",750604242,1873,2020
750005930,Place de l'Opéra,PLACE,OPERA,"MULTILINESTRING ((2.33249570792397 48.8701984485125,2.33269077235756 48.8702969250161,2.33252378555906 48.870692043355,2.33232698902497 48.8711719072612,2.33187455856821 48.8710897955226,2.33204496770287 48.8706101825612,2.33210376241716 48.8704790079979,2.33220602410674 48.8702492562155,2.33249570792397 48.8701984485125))",750603243,1862,2020
750005945,Rue des Bons Enfants,RUE,BONS ENFANTS,"MULTILINESTRING ((2.33809322414146 48.8625060171577,2.33847350207625 48.8631626891309,2.33851301755081 48.8632288926468,2.3385196565441 48.8632741440156,2.3387652992211 48.8637019159911,2.33880024941545 48.8637728139231))",750606052,1300,2020
750005949,Rue du Bouloi,RUE,BOULOI,"MULTILINESTRING ((2.34042025177957 48.8633839136462,2.34051844717138 48.8634482265668,2.34105863121949 48.8637236446567,2.34181091657119 48.8641076024972))",750605844,1359,2020
750005955,Place de la Bourse,PLACE,BOURSE,"MULTILINESTRING ((2.34190207697553 48.8685480647162,2.34178831141957 48.8685689954804,2.34134447711333 48.8686505803521,2.340080169683 48.8689120465474),(2.34227954622053 48.8694369429871,2.34222526853244 48.8694754171327,2.34058711155117 48.8698168255703))",750603950,1809,2020
750005956,Rue de la Bourse,RUE,BOURSE,"MULTILINESTRING ((2.3403357906371 48.8693510638252,2.3402548191759 48.8693679820315,2.33952893887543 48.869518983056,2.33947700192126 48.8695298743741,2.33942411192334 48.8695401281726,2.33899989369283 48.869622592332,2.33891974043724 48.8696382415856))",750603596,1833,2020
750005958,Rue des Colonnes,RUE,COLONNES,"MULTILINESTRING ((2.33945475753456 48.869026092173,2.33945898801664 48.869124652852,2.33947359006624 48.8694563055664,2.33947700192126 48.8695298743741,2.33947782353324 48.8696038758556,2.33947864742763 48.8697327425861,2.33948382940832 48.8697630475206,2.33949064744756 48.8697956008431))",750603779,1828,2020
750005961,Rue d'Argout,RUE,ARGOUT,"MULTILINESTRING ((2.34261091579476 48.8654064202008,2.34273267278492 48.8654805950757,2.34317346070237 48.8657042555525,2.34333595013726 48.8657869164966,2.34358883130106 48.8659209291309,2.34436446362271 48.866291352179,2.34443891920676 48.8663223539089))",750604907,1867,2020
750005961,Rue des Vieux-Augustins,RUE,VIEUX AUGUSTINS,"MULTILINESTRING ((2.34261091579476 48.8654064202008,2.34273267278492 48.8654805950757,2.34317346070237 48.8657042555525,2.34333595013726 48.8657869164966,2.34358883130106 48.8659209291309,2.34436446362271 48.866291352179,2.34443891920676 48.8663223539089))",750604907,1300,1867
750005971,Rue Bailleul,RUE,BAILLEUL,"MULTILINESTRING ((2.34248948952479 48.8609158624965,2.3424068955619 48.8609217113097,2.34196816814236 48.8609537474676,2.34179698499138 48.8609777665955,2.34132077976981 48.8610516271032,2.34093057468621 48.8611274433006))",750606932,1313,2020
750005991,Boulevard des Capucines,BOULEVARD,CAPUCINES,"MULTILINESTRING ((2.33441434733989 48.8710151748776,2.33415044566646 48.8709700710956,2.33252378555906 48.870692043355,2.33208234624572 48.8706165957032,2.33204496770287 48.8706101825612,2.32997639369027 48.8702553017591,2.32984033621493 48.8702319584779,2.32904347599171 48.8700952288857,2.32824637213286 48.8699686191785))",750603346,1685,2020
750005995,Place du Carrousel,PLACE,CARROUSEL,"MULTILINESTRING ((2.33336294464588 48.8601438260382,2.33323558683201 48.8602338762182,2.33338397548241 48.8604998942038,2.33357936315926 48.8605341621431,2.33354968614947 48.8606206537165,2.33386128733531 48.8611298303524,2.3339725968173 48.8611673690719,2.33378148023462 48.8612340001895,2.33368485432661 48.8613363360824,2.33365687824841 48.8614571346654,2.33369247104745 48.8615762447576,2.33383485287083 48.8616802673699,2.33406623816014 48.8617456940074,2.33427878007586 48.8617251050882,2.33421370741633 48.8618027382004,2.3346891859638 48.8622204866613,2.33484405953574 48.8622519550691,2.33481844243326 48.8624125738691,2.33503380932214 48.862707692031,2.33527797425033 48.8627241871743,2.33534882522354 48.8626175519945,2.33519935521344 48.8623897281482,2.3351202088052 48.8623326052484,2.33484405953574 48.8622519550691,2.33496929468867 48.8624547876487,2.33513249058673 48.8626676302479,2.33527797425033 48.8627241871743,2.33523876387068 48.862640086308,2.33505659675502 48.8623971901527,2.33484405953574 48.8622519550691,2.3348951477542 48.8621517044618,2.33443238435494 48.8617473918364,2.33427878007586 48.8617251050882,2.3344629069343 48.861653436647,2.33454681570369 48.8615443913529,2.33456208605282 48.8614235920828,2.33451885927895 48.8613028011783,2.33440952883749 48.8612189143354,2.33426459585714 48.8611601981752,2.33410440913182 48.8611501236993,2.3339725968173 48.8611673690719,2.3340468004404 48.8610906709214,2.33374507747888 48.8605847595345,2.33357936315926 48.8605341621431,2.33367088838015 48.8604558284948,2.33352003394744 48.8601588118223,2.33336294464588 48.8601438260382,2.33357936315926 48.8605341621431))",750606469,1662,2020
750006001,Rue Chabanais,RUE,CHABANAIS,"MULTILINESTRING ((2.33656326494557 48.8668360827715,2.3365785035359 48.8668642843411,2.33701387871819 48.8676836932455,2.33707603722886 48.8678118396568,2.33709648493338 48.8678535655323))",750604496,1776,2020
750006012,Rue de la Banque,RUE,BANQUE,"MULTILINESTRING ((2.3399229382598 48.8660462956536,2.33997429102555 48.866138038611,2.34017202933641 48.8665129576089,2.34082981383487 48.8677086100994,2.34130016707634 48.8685696475024,2.34134447711333 48.8686505803521))",750604768,1844,2020
750006026,Galerie de Beaujolais,GALERIE,BEAUJOLAIS,"MULTILINESTRING ((2.33794500303918 48.8662754202139,2.33785476410375 48.866086672865,2.33848742016235 48.8659356746639,2.33879868913512 48.8658613793622,2.33889492977251 48.8660521134492))",750604874,1781,2020
750006029,Rue de Beaujolais,RUE,BEAUJOLAIS,"MULTILINESTRING ((2.3392382856397 48.8659702715731,2.33904745766417 48.8660152400546,2.33889492977251 48.8660521134492,2.33856356811848 48.8661326149509,2.33794500303918 48.8662754202139,2.33779342877758 48.8663105023879,2.33758378585081 48.8663541107464))",750604776,1814,2020
750006040,Rue d'Antin,RUE,ANTIN,"MULTILINESTRING ((2.33229152091313 48.8678275471809,2.33232813247186 48.8678537622457,2.33233575225749 48.8678622163154,2.33285887492001 48.8684158275162,2.33299422500605 48.8685515319342,2.33314170524995 48.8686996472474,2.33326942345821 48.8688294252878,2.33328906561621 48.8688468623435,2.33353604117024 48.8690631447885,2.33399526864274 48.8694243048457,2.33405401829406 48.8694706187091))",750604197,1713,2020
750006088,Rue d'Aboukir,RUE,ABOUKIR,"MULTILINESTRING ((2.34147713198817 48.8658553582535,2.34164493264905 48.8659188389182,2.34366157184849 48.866683482609,2.34384982600496 48.8667549532165,2.34392902552155 48.8667885812585,2.34414290975956 48.8668791239667,2.34417521709873 48.8668927012192,2.34427663627042 48.8669243481105,2.34618004846577 48.8675168240968,2.34636912397056 48.8675699557409,2.34654893004104 48.8676252542537,2.34733195917204 48.8678666285013,2.34738576536283 48.8678831972971,2.34822827806531 48.8681370418168,2.3486218854972 48.868257646806,2.34967072156637 48.8685583738917,2.34972865931409 48.8685750935696,2.34978659766085 48.8685925326956,2.35150090956517 48.8691038276502,2.3515580301624 48.8691209062336,2.35161501534472 48.8691378050869,2.35220382075343 48.8693130839473,2.35229242883301 48.869321524442,2.35238691716786 48.8692558019665))",750604515,1865,2020
750006088,Rue des Fossés-Montmartre,RUE,FOSSES MONTMARTRE,"MULTILINESTRING ((2.34147713198817 48.8658553582535,2.34164493264905 48.8659188389182,2.34366157184849 48.866683482609,2.34384982600496 48.8667549532165,2.34392902552155 48.8667885812585,2.34414290975956 48.8668791239667,2.34417521709873 48.8668927012192,2.34427663627042 48.8669243481105,2.34618004846577 48.8675168240968,2.34636912397056 48.8675699557409,2.34654893004104 48.8676252542537,2.34733195917204 48.8678666285013,2.34738576536283 48.8678831972971,2.34822827806531 48.8681370418168,2.3486218854972 48.868257646806,2.34967072156637 48.8685583738917,2.34972865931409 48.8685750935696,2.34978659766085 48.8685925326956,2.35150090956517 48.8691038276502,2.3515580301624 48.8691209062336,2.35161501534472 48.8691378050869,2.35220382075343 48.8693130839473,2.35229242883301 48.869321524442,2.35238691716786 48.8692558019665))",750604515,1634,1865
750006090,Rue Adolphe Jullien,RUE,ADOLPHE JULLIEN,"MULTILINESTRING ((2.34225456282893 48.8628855920631,2.34195250260985 48.8629484480118,2.34191726383423 48.86303790025,2.34201758525444 48.8630879851852,2.34234449383992 48.8630251550069))",750606198,1903,2020
750006607,Rue Vivienne,RUE,VIVIENNE,"MULTILINESTRING ((2.33856356811848 48.8661326149509,2.33867849584452 48.8663403538216,2.33869647613546 48.8663811718932,2.33914714945296 48.867205337944,2.33952885614803 48.8679081117351,2.34002386418722 48.8688095312294,2.340080169683 48.8689120465474,2.34013033791397 48.8689718461095,2.34015337756087 48.8690136621366,2.3403357906371 48.8693510638252,2.34058711155117 48.8698168255703,2.34062032356446 48.8698825345585,2.34065018161114 48.8699362107552,2.34067908529422 48.8699898969734,2.34087432095324 48.870348888469,2.34089559060626 48.8703878175557,2.34092026760599 48.8704334996645,2.34120399403433 48.8709517409795,2.34154580920126 48.8715771712844,2.34162581652485 48.8717235967317))",750603505,1634,2020
750006616,Galerie Saint-Marc,GALERIE,SAINT MARC,"MULTILINESTRING ((2.34185404617035 48.8702942521166,2.34186427522444 48.8703381449397,2.34191377932299 48.8705486542479,2.34191800735984 48.8705677183372,2.34194105391715 48.8706443357748,2.34198878597802 48.8708450513222,2.34198878529633 48.8708453211207))",750603279,1834,2020
0,Passage Saint Guillaume,PASSAGE,SAINT GUILLAUME,"LINESTRING (2.33563871963134 48.8642354253553,2.33564594379128 48.8642319182349,2.33576357474251 48.8641763438241)",TR2074,1780,1866
0,Rue Basse du Rempart,RUE,BASSE DU REMPART,"LINESTRING (2.33191620418903 48.8706868926143,2.33209869850457 48.8707149805394)",TR2973,1635,2020
0,Rue de la Fontaine-Molière,RUE,FONTAINE MOLIERE,"LINESTRING (2.33555583162545 48.8647765184142,2.33564033899184 48.8648304755418,2.33573874900261 48.8649095224638,2.33584029436799 48.8649875801157,2.33588227559961 48.8650213031422,2.33604543048302 48.8651517886299,2.33617955348286 48.8652561049192,2.33618105284032 48.8652565545603,2.33623543822427 48.8653000795824,2.3363303062383 48.8653723814265,2.33642517452806 48.8654446831919,2.33657551946491 48.8655660852423,2.3366374023837 48.8656132071646)",TR1961,1853,2020
0,Rue des Poulies,RUE,POULIES,"LINESTRING (2.34129194323049 48.8616824645965,2.34126440636215 48.8616234733312,2.34123550634871 48.8615615145096,2.34120783306011 48.8614994657022,2.34117893318916 48.8614375068663,2.34115289572585 48.8613771666002,2.34112276931608 48.8613149380182,2.34109618670167 48.8612533387768,2.34106606044515 48.8611912001074,2.34106292569498 48.8611915599437,2.34102625613299 48.8611140439284,2.34102720913252 48.8611009144782)",TR1618,1200,1859
0,Rue du Rempart,RUE,REMPART,"LINESTRING (2.33577272085371 48.8636169049944,2.33569911856909 48.8635987391773,2.33565618387967 48.8635899259906,2.33550284600878 48.8635524250505,2.33531407044474 48.8635040423294,2.33525657140449 48.8634716490363)",TR1873,1383,1864
